FILE_TYPE = CONNECTIVITY;
{Allegro Design Entry HDL 16.3-S021 (v16-3-85AK) 12/6/2010}
"PAGE_NUMBER" = 1;
0"NC";
1"UN$1$CSMT$I34$2";
2"GND_SIGNAL\g";
3"GND_SIGNAL\g";
4"GND_SIGNAL\g";
5"GND_SIGNAL\g";
6"GND_SIGNAL\g";
7"GND_SIGNAL\g";
8"GND_SIGNAL\g";
9"GND_SIGNAL\g";
10"GND_SIGNAL\g";
11"GND_SIGNAL\g";
12"GND_SIGNAL\g";
13"GND_SIGNAL\g";
14"UN$1$RSMT$I53$2";
15"UN$1$CSMT$I33$2";
16"UN$1$CSMT$I47$1";
17"UN$1$RSMT$I45$1";
18"+15V";
19"UN$1$CSMT$I33$1";
20"UN$1$CSMT$I30$1";
21"UN$1$J3ST$I76$1";
22"UN$1$CSMT$I19$2";
23"UN$1$CSMT$I30$2";
24"UN$1$QNPNSIGNAL$I38$B";
25"UN$1$QNPNSIGNAL$I38$C";
26"UN$1$RSMT$I52$2";
27"UN$1$CSMT$I35$1";
28"-15V";
29"UN$1$CTHLYTIC85$I57$1";
30"UN$1$CTHLYTIC85$I61$1";
31"+15V";
32"UN$1$CTHLYTIC85$I56$1";
33"UN$1$RSMT$I43$2";
34"UN$1$QNPNSIGNAL$I62$B";
35"UN$1$CTHLYTIC85$I61$2";
36"UN$1$CSMT$I24$1";
37"+15V";
38"UN$1$CTHLYTIC85$I58$2";
39"UN$1$J2ST$I70$1";
40"UN$1$QPNPSIGNAL$I16$E";
41"UN$1$J2ST$I71$2";
42"UN$1$QNPNSIGNAL$I18$B";
43"UN$1$QNPNSIGNAL$I15$C";
44"UN$1$QPNPSIGNAL$I16$B";
45"UN$1$QNPNSIGNAL$I15$B";
46"-15V";
47"UN$1$CSMT$I19$1";
%"R_SMT"
"1","(-9900,3000)","1","r_resistor","I1";
;
$LOCATION"R2"
CDS_LOCATION"R2"
$SEC"1"
CDS_SEC"1"
WATTAGE"1/8W"
VALUE"10K"
CDS_LIB"r_resistor"
CDS_LMAN_SYM_OUTLINE"-75,25,75,-25"
JEDEC_TYPE"RESC-0805_W"
TYPE"TF-SMT0805"
PART_NAME"R_SMT_0805"
NEEDS_NO_SIZE"True"
TOL"5%"
PART_NUMBER"10006490";
"2"
$PN"2"45;
"1"
$PN"1"
$WATTAGE"?"13;
%"R_SMT"
"1","(-7700,5075)","1","r_resistor","I10";
;
$LOCATION"R9"
CDS_LOCATION"R9"
$SEC"1"
CDS_SEC"1"
WATTAGE"3/4W"
VALUE"1.0M"
CDS_LMAN_SYM_OUTLINE"-75,25,75,-25"
NEEDS_NO_SIZE"True"
CDS_LIB"r_resistor"
PART_NAME"R_SMT_2010"
TYPE"TF-SMT2010"
JEDEC_TYPE"RESC-2010_W"
TOL"5%"
PART_NUMBER"10006228";
"2"
$PN"2"18;
"1"
$PN"1"
$WATTAGE"?"36;
%"R_SMT"
"1","(-8575,3675)","0","r_resistor","I12";
;
$LOCATION"R5"
CDS_LOCATION"R5"
$SEC"1"
CDS_SEC"1"
WATTAGE"1/8W"
VALUE"100K"
CDS_LMAN_SYM_OUTLINE"-75,25,75,-25"
CDS_LIB"r_resistor"
NEEDS_NO_SIZE"True"
PART_NAME"R_SMT_0805"
TYPE"TF-SMT0805"
JEDEC_TYPE"RESC-0805_W"
TOL"5%"
PART_NUMBER"10006514";
"2"
$PN"2"22;
"1"
$PN"1"
$WATTAGE"?"47;
%"R_SMT"
"1","(-5025,5550)","0","r_resistor","I14";
;
$LOCATION"R17"
CDS_LOCATION"R17"
$SEC"1"
CDS_SEC"1"
WATTAGE"1/8W"
VALUE"470K"
JEDEC_TYPE"RESC-0805_W"
TYPE"TF-SMT0805"
PART_NAME"R_SMT_0805"
CDS_LIB"r_resistor"
CDS_LMAN_SYM_OUTLINE"-75,25,75,-25"
NEEDS_NO_SIZE"True"
TOL"5%"
PART_NUMBER"10006530";
"2"
$PN"2"26;
"1"
$PN"1"
$WATTAGE"?"15;
%"Q_NPN_SIGNAL"
"1","(-9550,3300)","0","q_transistor","I15";
;
$LOCATION"Q1"
CDS_LOCATION"Q1"
$SEC"1"
CDS_SEC"1"
VALUE"FJX945"
CDS_LMAN_SYM_OUTLINE"-150,125,100,-125"
CDS_LIB"q_transistor"
NEEDS_NO_SIZE"TRUE"
PART_NAME"Q_NPN_SIGNAL_BEC_SOT-323"
TYPE"NPN SIGNAL"
IC"0.15A"
VCEO"50V"
JEDEC_TYPE"SOT-323_W"
PART_NUMBER"10005453";
"E"
$PN"2"12;
"C"
$PN"3"43;
"B"
$PN"1"45;
%"Q_PNP_SIGNAL"
"1","(-9150,4200)","6","q_transistor","I16";
;
$LOCATION"Q2"
CDS_LOCATION"Q2"
$SEC"1"
CDS_SEC"1"
VALUE"FJX733"
JEDEC_TYPE"SOT-323_W"
VCEO"50V"
IC"0.15A"
TYPE"PNP SIGNAL"
PART_NAME"Q_PNP_SIGNAL_BEC_SOT-323"
CDS_LIB"q_transistor"
CDS_LMAN_SYM_OUTLINE"-150,125,100,-125"
NEEDS_NO_SIZE"TRUE"
PART_NUMBER"10005646";
"B"
$PN"1"44;
"C"
$PN"3"47;
"E"
$PN"2"40;
%"R_SMT"
"1","(-9500,3850)","1","r_resistor","I17";
;
$LOCATION"R4"
CDS_LOCATION"R4"
$SEC"1"
CDS_SEC"1"
WATTAGE"1/8W"
VALUE"10K"
NEEDS_NO_SIZE"True"
PART_NAME"R_SMT_0805"
TYPE"TF-SMT0805"
JEDEC_TYPE"RESC-0805_W"
CDS_LIB"r_resistor"
CDS_LMAN_SYM_OUTLINE"-75,25,75,-25"
TOL"5%"
PART_NUMBER"10006490";
"2"
$PN"2"44;
"1"
$PN"1"
$WATTAGE"?"43;
%"Q_NPN_SIGNAL"
"1","(-7750,4575)","0","q_transistor","I18";
;
$LOCATION"Q3"
CDS_LOCATION"Q3"
$SEC"1"
CDS_SEC"1"
VALUE"FJX945"
CDS_LIB"q_transistor"
CDS_LMAN_SYM_OUTLINE"-150,125,100,-125"
JEDEC_TYPE"SOT-323_W"
VCEO"50V"
IC"0.15A"
TYPE"NPN SIGNAL"
PART_NAME"Q_NPN_SIGNAL_BEC_SOT-323"
NEEDS_NO_SIZE"TRUE"
PART_NUMBER"10005453";
"E"
$PN"2"11;
"C"
$PN"3"36;
"B"
$PN"1"42;
%"C_SMT"
"1","(-8600,3950)","1","c_capacitor","I19";
;
$LOCATION"C1"
CDS_LOCATION"C1"
$SEC"1"
CDS_SEC"1"
$TEMP"?"
NEEDS_NO_SIZE"true"
$ALT_SYMBOLS"?"
CDS_LMAN_SYM_OUTLINE"-50,25,50,-25"
CDS_LIB"c_capacitor"
PART_NAME"C_SMT_X7R_0805"
TYPE"X7R"
JEDEC_TYPE"CAPC-0805_W"
TOL"5%"
VOLT"25V"
PART_NUMBER"10000435"
VALUE"0.015UF";
"2"
$PN"2"
Clock"False"22;
"1"
$PN"1"
Clock"False"47;
%"GND_SIGNAL"
"1","(-9950,2650)","0","standard","I20";
;
HDL_POWER"GND_SIGNAL"
BODY_TYPE"PLUMBING"
CDS_LIB"standard";
"GND"13;
%"GND_SIGNAL"
"1","(-9550,2875)","0","standard","I21";
;
HDL_POWER"GND_SIGNAL"
BODY_TYPE"PLUMBING"
CDS_LIB"standard";
"GND"12;
%"GND_SIGNAL"
"1","(-7750,4000)","0","standard","I22";
;
CDS_LIB"standard"
BODY_TYPE"PLUMBING"
HDL_POWER"GND_SIGNAL";
"GND"11;
%"GND_SIGNAL"
"1","(-7925,3200)","0","standard","I23";
;
BODY_TYPE"PLUMBING"
HDL_POWER"GND_SIGNAL"
CDS_LIB"standard";
"GND"10;
%"C_SMT"
"1","(-7300,4500)","0","c_capacitor","I24";
;
$LOCATION"C2"
CDS_LOCATION"C2"
$SEC"1"
CDS_SEC"1"
VALUE"0.1UF"
JEDEC_TYPE"CAPC-0805_W"
TYPE"X7R"
PART_NAME"C_SMT_X7R_0805"
NEEDS_NO_SIZE"true"
$ALT_SYMBOLS"?"
$TEMP"?"
CDS_LIB"c_capacitor"
CDS_LMAN_SYM_OUTLINE"-50,25,50,-25"
TOL"5%"
VOLT"25V"
PART_NUMBER"10000445";
"2"
$PN"2"
Clock"False"11;
"1"
$PN"1"
Clock"False"36;
%"R_SMT"
"1","(-7875,3525)","1","r_resistor","I25";
;
$LOCATION"R8"
CDS_LOCATION"R8"
$SEC"1"
CDS_SEC"1"
WATTAGE"1/8W"
VALUE"4.7K"
NEEDS_NO_SIZE"True"
PART_NAME"R_SMT_0805"
TYPE"TF-SMT0805"
JEDEC_TYPE"RESC-0805_W"
CDS_LMAN_SYM_OUTLINE"-75,25,75,-25"
CDS_LIB"r_resistor"
TOL"5%"
PART_NUMBER"10006482";
"2"
$PN"2"22;
"1"
$PN"1"
$WATTAGE"?"10;
%"D_SMT_SIGNAL"
"1","(-7425,3525)","1","d_diode","I26";
;
$LOCATION"D1"
CDS_LOCATION"D1"
$SEC"1"
CDS_SEC"1"
VALUE"MMBD4148"
$ALT_SYMBOLS"?"
NEEDS_NO_SIZE"true"
CDS_LMAN_SYM_OUTLINE"-50,50,50,-50"
CDS_LIB"d_diode"
IF"200MA"
PART_NAME"D_SMT_SIGNAL_1A3C_SOT-23"
TYPE"SIGNAL-3PIN"
VRRM"75V"
JEDEC_TYPE"SOT-23_W"
PART_NUMBER"10004947";
"A"
$PN"1"
Clock"False"10;
"C"
$PN"3"
Clock"False"22;
%"Q_NPN_SIGNAL"
"1","(-6775,4850)","0","q_transistor","I27";
;
$LOCATION"Q4"
CDS_LOCATION"Q4"
$SEC"1"
CDS_SEC"1"
VALUE"FJX945"
CDS_LMAN_SYM_OUTLINE"-150,125,100,-125"
CDS_LIB"q_transistor"
JEDEC_TYPE"SOT-323_W"
VCEO"50V"
IC"0.15A"
TYPE"NPN SIGNAL"
PART_NAME"Q_NPN_SIGNAL_BEC_SOT-323"
NEEDS_NO_SIZE"TRUE"
PART_NUMBER"10005453";
"E"
$PN"2"11;
"C"
$PN"3"20;
"B"
$PN"1"36;
%"R_SMT"
"1","(-6725,5300)","1","r_resistor","I28";
;
$LOCATION"R10"
CDS_LOCATION"R10"
$SEC"1"
CDS_SEC"1"
WATTAGE"3/4W"
JEDEC_TYPE"RESC-2010_W"
TYPE"TF-SMT2010"
PART_NAME"R_SMT_2010"
TOL"5%"
VALUE"22K"
PART_NUMBER"10006188"
CDS_LIB"r_resistor"
CDS_LMAN_SYM_OUTLINE"-75,25,75,-25"
NEEDS_NO_SIZE"True";
"2"
$PN"2"18;
"1"
$PN"1"
$WATTAGE"?"20;
%"R_SMT"
"1","(-6275,4750)","0","r_resistor","I29";
;
$LOCATION"R11"
CDS_LOCATION"R11"
$SEC"1"
CDS_SEC"1"
WATTAGE"3/4W"
JEDEC_TYPE"RESC-2010_W"
TYPE"TF-SMT2010"
PART_NAME"R_SMT_2010"
TOL"5%"
VALUE"100K"
PART_NUMBER"10006204"
CDS_LIB"r_resistor"
CDS_LMAN_SYM_OUTLINE"-75,25,75,-25"
NEEDS_NO_SIZE"True";
"2"
$PN"2"24;
"1"
$PN"1"
$WATTAGE"?"20;
%"C_SMT"
"1","(-6300,5550)","1","c_capacitor","I30";
;
$LOCATION"C3"
CDS_LOCATION"C3"
$SEC"1"
CDS_SEC"1"
VALUE"0.033UF"
JEDEC_TYPE"CAPC-0805_W"
TYPE"X7R"
PART_NAME"C_SMT_X7R_0805"
CDS_LIB"c_capacitor"
CDS_LMAN_SYM_OUTLINE"-50,25,50,-25"
$ALT_SYMBOLS"?"
NEEDS_NO_SIZE"true"
$TEMP"?"
TOL"5%"
VOLT"25V"
PART_NUMBER"10000439";
"2"
$PN"2"
Clock"False"23;
"1"
$PN"1"
Clock"False"20;
%"C_SMT"
"1","(-5625,5300)","1","c_capacitor","I33";
;
$LOCATION"C4"
CDS_LOCATION"C4"
$SEC"1"
CDS_SEC"1"
VALUE"0.015UF"
JEDEC_TYPE"CAPC-0805_W"
TYPE"X7R"
PART_NAME"C_SMT_X7R_0805"
CDS_LIB"c_capacitor"
CDS_LMAN_SYM_OUTLINE"-50,25,50,-25"
$ALT_SYMBOLS"?"
NEEDS_NO_SIZE"true"
$TEMP"?"
TOL"5%"
VOLT"25V"
PART_NUMBER"10000435";
"2"
$PN"2"
Clock"False"15;
"1"
$PN"1"
Clock"False"19;
%"C_SMT"
"1","(-5150,5300)","1","c_capacitor","I34";
;
$LOCATION"C5"
CDS_LOCATION"C5"
$SEC"1"
CDS_SEC"1"
VALUE"0.015UF"
$TEMP"?"
NEEDS_NO_SIZE"true"
$ALT_SYMBOLS"?"
CDS_LMAN_SYM_OUTLINE"-50,25,50,-25"
CDS_LIB"c_capacitor"
PART_NAME"C_SMT_X7R_0805"
TYPE"X7R"
JEDEC_TYPE"CAPC-0805_W"
TOL"5%"
VOLT"25V"
PART_NUMBER"10000435";
"2"
$PN"2"
Clock"False"1;
"1"
$PN"1"
Clock"False"15;
%"C_SMT"
"1","(-2025,3750)","0","c_capacitor","I35";
;
$LOCATION"C11"
CDS_LOCATION"C11"
$SEC"1"
CDS_SEC"1"
VALUE"220PF"
$TEMP"?"
NEEDS_NO_SIZE"true"
$ALT_SYMBOLS"?"
CDS_LMAN_SYM_OUTLINE"-50,25,50,-25"
CDS_LIB"c_capacitor"
PART_NAME"C_SMT_X7R_0805"
TYPE"X7R"
JEDEC_TYPE"CAPC-0805_W"
TOL"20%"
VOLT"50V"
PART_NUMBER"10000726";
"2"
$PN"2"
Clock"False"5;
"1"
$PN"1"
Clock"False"27;
%"D_SMT_SIGNAL"
"1","(-6125,5275)","1","d_diode","I36";
;
$LOCATION"D2"
CDS_LOCATION"D2"
$SEC"1"
CDS_SEC"1"
VALUE"MMBD4148"
NEEDS_NO_SIZE"true"
IF"200MA"
PART_NAME"D_SMT_SIGNAL_1A3C_SOT-23"
TYPE"SIGNAL-3PIN"
VRRM"75V"
JEDEC_TYPE"SOT-23_W"
$ALT_SYMBOLS"?"
CDS_LMAN_SYM_OUTLINE"-50,50,50,-50"
CDS_LIB"d_diode"
PART_NUMBER"10004947";
"A"
$PN"1"
Clock"False"9;
"C"
$PN"3"
Clock"False"23;
%"GND_SIGNAL"
"1","(-6175,5025)","0","standard","I37";
;
CDS_LIB"standard"
BODY_TYPE"PLUMBING"
HDL_POWER"GND_SIGNAL";
"GND"9;
%"Q_NPN_SIGNAL"
"1","(-5675,4750)","0","q_transistor","I38";
;
$LOCATION"Q5"
CDS_LOCATION"Q5"
$SEC"1"
CDS_SEC"1"
VALUE"FJX945"
NEEDS_NO_SIZE"TRUE"
PART_NAME"Q_NPN_SIGNAL_BEC_SOT-323"
TYPE"NPN SIGNAL"
IC"0.15A"
VCEO"50V"
JEDEC_TYPE"SOT-323_W"
CDS_LMAN_SYM_OUTLINE"-150,125,100,-125"
CDS_LIB"q_transistor"
PART_NUMBER"10005453";
"E"
$PN"2"8;
"C"
$PN"3"25;
"B"
$PN"1"24;
%"R_SMT"
"1","(-5625,5550)","2","r_resistor","I39";
;
$LOCATION"R12"
CDS_LOCATION"R12"
$SEC"1"
CDS_SEC"1"
WATTAGE"1/8W"
VALUE"1.0M"
CDS_LIB"r_resistor"
CDS_LMAN_SYM_OUTLINE"-75,25,75,-25"
JEDEC_TYPE"RESC-0805_W"
TYPE"TF-SMT0805"
PART_NAME"R_SMT_0805"
NEEDS_NO_SIZE"True"
TOL"5%"
PART_NUMBER"10006538";
"2"
$PN"2"23;
"1"
$PN"1"
$WATTAGE"?"15;
%"R_TH_CARBON"
"1","(-4175,5300)","0","r_resistor","I4";
;
$LOCATION"R20"
CDS_LOCATION"R20"
$SEC"1"
CDS_SEC"1"
WATTAGE"1/4W"
VALUE"47K"
CDS_LMAN_SYM_OUTLINE"-75,25,75,-25"
NEEDS_NO_SIZE"True"
CDS_LIB"r_resistor"
PART_NUMBER"10013804"
TOL"5%"
PART_NAME"R_TH_CARBON_1_4W"
TYPE"CARBON"
JEDEC_TYPE"RES_12P5_3D_0P9H";
"2"
$PN"2"21;
"1"
$PN"1"
$WATTAGE"?"1;
%"R_SMT"
"1","(-5400,5100)","1","r_resistor","I40";
;
$LOCATION"R13"
CDS_LOCATION"R13"
$SEC"1"
CDS_SEC"1"
WATTAGE"1/8W"
VALUE"6.8K"
JEDEC_TYPE"RESC-0805_W"
TYPE"TF-SMT0805"
PART_NAME"R_SMT_0805"
CDS_LIB"r_resistor"
CDS_LMAN_SYM_OUTLINE"-75,25,75,-25"
NEEDS_NO_SIZE"True"
TOL"5%"
PART_NUMBER"10006486";
"2"
$PN"2"15;
"1"
$PN"1"
$WATTAGE"?"25;
%"R_SMT"
"1","(-5400,4225)","2","r_resistor","I41";
;
$LOCATION"R14"
CDS_LOCATION"R14"
$SEC"1"
CDS_SEC"1"
WATTAGE"1/8W"
VALUE"1.0M"
JEDEC_TYPE"RESC-0805_W"
TYPE"TF-SMT0805"
PART_NAME"R_SMT_0805"
NEEDS_NO_SIZE"True"
CDS_LMAN_SYM_OUTLINE"-75,25,75,-25"
CDS_LIB"r_resistor"
TOL"5%"
PART_NUMBER"10006538";
"2"
$PN"2"19;
"1"
$PN"1"
$WATTAGE"?"1;
%"R_SMT"
"1","(-5175,4700)","1","r_resistor","I43";
;
$LOCATION"R16"
CDS_LOCATION"R16"
$SEC"1"
CDS_SEC"1"
WATTAGE"1/8W"
VALUE"22K"
NEEDS_NO_SIZE"True"
PART_NAME"R_SMT_0805"
TYPE"TF-SMT0805"
JEDEC_TYPE"RESC-0805_W"
CDS_LMAN_SYM_OUTLINE"-75,25,75,-25"
CDS_LIB"r_resistor"
TOL"5%"
PART_NUMBER"10006498";
"2"
$PN"2"33;
"1"
$PN"1"
$WATTAGE"?"8;
%"GND_SIGNAL"
"1","(-5500,4425)","0","standard","I44";
;
HDL_POWER"GND_SIGNAL"
BODY_TYPE"PLUMBING"
CDS_LIB"standard";
"GND"8;
%"R_SMT"
"1","(-4425,5050)","1","r_resistor","I45";
;
$LOCATION"R19"
CDS_LOCATION"R19"
$SEC"1"
CDS_SEC"1"
WATTAGE"1/8W"
VALUE"220"
JEDEC_TYPE"RESC-0805_W"
TYPE"TF-SMT0805"
PART_NAME"R_SMT_0805"
CDS_LIB"r_resistor"
CDS_LMAN_SYM_OUTLINE"-75,25,75,-25"
NEEDS_NO_SIZE"True"
TOL"5%"
PART_NUMBER"10006450";
"2"
$PN"2"1;
"1"
$PN"1"
$WATTAGE"?"17;
%"R_SMT"
"1","(-4600,4700)","1","r_resistor","I46";
;
$LOCATION"R18"
CDS_LOCATION"R18"
$SEC"1"
CDS_SEC"1"
WATTAGE"1/8W"
VALUE"10K"
CDS_LIB"r_resistor"
CDS_LMAN_SYM_OUTLINE"-75,25,75,-25"
NEEDS_NO_SIZE"True"
PART_NAME"R_SMT_0805"
TYPE"TF-SMT0805"
JEDEC_TYPE"RESC-0805_W"
TOL"5%"
PART_NUMBER"10006490";
"2"
$PN"2"17;
"1"
$PN"1"
$WATTAGE"?"16;
%"C_SMT"
"1","(-4450,4200)","0","c_capacitor","I47";
;
$LOCATION"C6"
CDS_LOCATION"C6"
$SEC"1"
CDS_SEC"1"
VALUE"0.1UF"
CDS_LIB"c_capacitor"
CDS_LMAN_SYM_OUTLINE"-50,25,50,-25"
$ALT_SYMBOLS"?"
$TEMP"?"
JEDEC_TYPE"CAPC-0805_W"
TYPE"X7R"
PART_NAME"C_SMT_X7R_0805"
NEEDS_NO_SIZE"true"
TOL"5%"
VOLT"25V"
PART_NUMBER"10000445";
"2"
$PN"2"
Clock"False"7;
"1"
$PN"1"
Clock"False"16;
%"U_LM258D"
"1","(-5350,3875)","0","u_ic","I49";
;
$LOCATION"U1"
CDS_LOCATION"U1"
$SEC"1"
CDS_SEC"1"
VALUE"LM258D"
CDS_LMAN_SYM_OUTLINE"-150,125,50,-125"
CDS_LIB"u_ic"
PART_NAME"U_LM258D_SO8"
JEDEC_TYPE"SO8"
PART_NUMBER"10019370";
"3"
$PN"3"22;
"1"
$PN"1"1;
"2"
$PN"2"19;
%"R_SMT"
"1","(-9900,3675)","1","r_resistor","I5";
;
$LOCATION"R1"
CDS_LOCATION"R1"
$SEC"1"
CDS_SEC"1"
WATTAGE"1/8W"
VALUE"22K"
JEDEC_TYPE"RESC-0805_W"
TYPE"TF-SMT0805"
PART_NAME"R_SMT_0805"
NEEDS_NO_SIZE"True"
CDS_LIB"r_resistor"
CDS_LMAN_SYM_OUTLINE"-75,25,75,-25"
TOL"5%"
PART_NUMBER"10006498";
"2"
$PN"2"41;
"1"
$PN"1"
$WATTAGE"?"45;
%"U_LM258D"
"2","(-3625,5100)","0","u_ic","I50";
;
$LOCATION"U1"
CDS_LOCATION"U1"
$SEC"2"
CDS_SEC"2"
VALUE"LM258D"
JEDEC_TYPE"SO8"
PART_NAME"U_LM258D_SO8"
CDS_LIB"u_ic"
CDS_LMAN_SYM_OUTLINE"-150,100,50,-100"
PART_NUMBER"10019370";
"5"
$PN"5"14;
"6"
$PN"6"21;
"7"
$PN"7"26;
%"U_LM258D"
"3","(-5650,3025)","0","u_ic","I51";
;
$LOCATION"U1"
CDS_LOCATION"U1"
$SEC"3"
CDS_SEC"3"
VALUE"LM258D"
JEDEC_TYPE"SO8"
PART_NAME"U_LM258D_SO8"
CDS_LIB"u_ic"
CDS_LMAN_SYM_OUTLINE"-150,100,50,-100"
PART_NUMBER"10019370";
"4"
$PN"4"46;
"8"
$PN"8"37;
%"R_SMT"
"1","(-3650,5300)","0","r_resistor","I52";
;
$LOCATION"R25"
CDS_LOCATION"R25"
$SEC"1"
CDS_SEC"1"
WATTAGE"1/8W"
VALUE"47K"
CDS_LIB"r_resistor"
CDS_LMAN_SYM_OUTLINE"-75,25,75,-25"
NEEDS_NO_SIZE"True"
PART_NAME"R_SMT_0805"
TYPE"TF-SMT0805"
JEDEC_TYPE"RESC-0805_W"
TOL"5%"
PART_NUMBER"10006506";
"2"
$PN"2"26;
"1"
$PN"1"
$WATTAGE"?"21;
%"R_SMT"
"1","(-3925,4900)","1","r_resistor","I53";
;
$LOCATION"R22"
CDS_LOCATION"R22"
$SEC"1"
CDS_SEC"1"
WATTAGE"3/4W"
JEDEC_TYPE"RESC-2010_W"
TYPE"TF-SMT2010"
PART_NAME"R_SMT_2010"
TOL"5%"
VALUE"6.8K"
PART_NUMBER"10006176"
CDS_LIB"r_resistor"
CDS_LMAN_SYM_OUTLINE"-75,25,75,-25"
NEEDS_NO_SIZE"True";
"2"
$PN"2"14;
"1"
$PN"1"
$WATTAGE"?"6;
%"GND_SIGNAL"
"1","(-4500,3750)","0","standard","I54";
;
CDS_LIB"standard"
BODY_TYPE"PLUMBING"
HDL_POWER"GND_SIGNAL";
"GND"7;
%"GND_SIGNAL"
"1","(-3975,4650)","0","standard","I55";
;
CDS_LIB"standard"
BODY_TYPE"PLUMBING"
HDL_POWER"GND_SIGNAL";
"GND"6;
%"C_TH_LYTIC85"
"1","(-3450,5625)","1","c_capacitor","I56";
;
$LOCATION"C8"
CDS_LOCATION"C8"
$SEC"1"
CDS_SEC"1"
VALUE"33UF"
JEDEC_TYPE"CAPE_2P0_5X11P5"
TEMP"85C"
TYPE"RADIAL"
PART_NAME"C_TH_LYTIC85_2P0_5X11P5"
CDS_LIB"c_capacitor"
CDS_LMAN_SYM_OUTLINE"-50,25,50,-50"
$ALT_SYMBOLS"?"
NEEDS_NO_SIZE"TRUE"
TOL"20%"
VOLT"6.3VDC"
PART_NUMBER"10002898";
"1"
$PN"P"
Clock"False"32;
"2"
$PN"N"
Clock"False"26;
%"C_TH_LYTIC85"
"1","(-4025,4375)","7","c_capacitor","I57";
;
$LOCATION"C7"
CDS_LOCATION"C7"
$SEC"1"
CDS_SEC"1"
VALUE"47UF"
CDS_LIB"c_capacitor"
CDS_LMAN_SYM_OUTLINE"-50,25,50,-50"
$ALT_SYMBOLS"?"
JEDEC_TYPE"CAPE_2P5_6P3X11P5"
TEMP"85C"
TYPE"RADIAL"
PART_NAME"C_TH_LYTIC85_2P5_6P3X11P5"
NEEDS_NO_SIZE"TRUE"
TOL"20%"
VOLT"50VDC"
PART_NUMBER"10002982";
"1"
$PN"P"
Clock"False"29;
"2"
$PN"N"
Clock"False"16;
%"C_TH_LYTIC85"
"1","(-2025,4875)","4","c_capacitor","I58";
;
$LOCATION"C10"
CDS_LOCATION"C10"
$SEC"1"
CDS_SEC"1"
VALUE"1.0UF"
JEDEC_TYPE"CAPE_2P0_5X11P5"
TEMP"85C"
TYPE"RADIAL"
PART_NAME"C_TH_LYTIC85_2P0_5X11P5"
CDS_LIB"c_capacitor"
CDS_LMAN_SYM_OUTLINE"-50,25,50,-50"
$ALT_SYMBOLS"?"
NEEDS_NO_SIZE"TRUE"
TOL"20%"
VOLT"50VDC"
PART_NUMBER"10002975";
"1"
$PN"P"
Clock"False"27;
"2"
$PN"N"
Clock"False"38;
%"R_SMT"
"1","(-9500,4525)","1","r_resistor","I6";
;
$LOCATION"R3"
CDS_LOCATION"R3"
$SEC"1"
CDS_SEC"1"
WATTAGE"1/8W"
VALUE"4.7K"
CDS_LIB"r_resistor"
CDS_LMAN_SYM_OUTLINE"-75,25,75,-25"
JEDEC_TYPE"RESC-0805_W"
TYPE"TF-SMT0805"
PART_NAME"R_SMT_0805"
NEEDS_NO_SIZE"True"
TOL"5%"
PART_NUMBER"10006482";
"2"
$PN"2"40;
"1"
$PN"1"
$WATTAGE"?"44;
%"C_TH_LYTIC85"
"1","(-3200,4125)","1","c_capacitor","I61";
;
$LOCATION"C9"
CDS_LOCATION"C9"
$SEC"1"
CDS_SEC"1"
VALUE"47UF"
JEDEC_TYPE"CAPE_2P5_6P3X11P5"
TEMP"85C"
TYPE"RADIAL"
PART_NAME"C_TH_LYTIC85_2P5_6P3X11P5"
NEEDS_NO_SIZE"TRUE"
$ALT_SYMBOLS"?"
CDS_LMAN_SYM_OUTLINE"-50,25,50,-50"
CDS_LIB"c_capacitor"
TOL"20%"
VOLT"50VDC"
PART_NUMBER"10002982";
"1"
$PN"P"
Clock"False"30;
"2"
$PN"N"
Clock"False"35;
%"Q_NPN_SIGNAL"
"1","(-2450,4125)","0","q_transistor","I62";
;
$LOCATION"Q6"
CDS_LOCATION"Q6"
$SEC"1"
CDS_SEC"1"
VALUE"FJX945"
JEDEC_TYPE"SOT-323_W"
VCEO"50V"
IC"0.15A"
TYPE"NPN SIGNAL"
PART_NAME"Q_NPN_SIGNAL_BEC_SOT-323"
NEEDS_NO_SIZE"TRUE"
CDS_LMAN_SYM_OUTLINE"-150,125,100,-125"
CDS_LIB"q_transistor"
PART_NUMBER"10005453";
"E"
$PN"2"27;
"C"
$PN"3"31;
"B"
$PN"1"34;
%"R_SMT"
"1","(-2725,3850)","1","r_resistor","I63";
;
$LOCATION"R27"
CDS_LOCATION"R27"
$SEC"1"
CDS_SEC"1"
WATTAGE"1/8W"
VALUE"100K"
CDS_LMAN_SYM_OUTLINE"-75,25,75,-25"
CDS_LIB"r_resistor"
NEEDS_NO_SIZE"True"
PART_NAME"R_SMT_0805"
TYPE"TF-SMT0805"
JEDEC_TYPE"RESC-0805_W"
TOL"5%"
PART_NUMBER"10006514";
"2"
$PN"2"34;
"1"
$PN"1"
$WATTAGE"?"5;
%"R_SMT"
"1","(-2875,4125)","0","r_resistor","I64";
;
$LOCATION"R26"
CDS_LOCATION"R26"
$SEC"1"
CDS_SEC"1"
WATTAGE"1/8W"
VALUE"82K"
NEEDS_NO_SIZE"True"
CDS_LMAN_SYM_OUTLINE"-75,25,75,-25"
CDS_LIB"r_resistor"
PART_NAME"R_SMT_0805"
TYPE"TF-SMT0805"
JEDEC_TYPE"RESC-0805_W"
TOL"5%"
PART_NUMBER"10006512";
"2"
$PN"2"34;
"1"
$PN"1"
$WATTAGE"?"35;
%"R_SMT"
"1","(-2400,3750)","1","r_resistor","I65";
;
$LOCATION"R29"
CDS_LOCATION"R29"
$SEC"1"
CDS_SEC"1"
WATTAGE"1/8W"
JEDEC_TYPE"RESC-0805_W"
TYPE"TF-SMT0805"
PART_NAME"R_SMT_0805"
TOL"5%"
VALUE"6.8K"
PART_NUMBER"10006486"
CDS_LIB"r_resistor"
CDS_LMAN_SYM_OUTLINE"-75,25,75,-25"
NEEDS_NO_SIZE"True";
"2"
$PN"2"27;
"1"
$PN"1"
$WATTAGE"?"28;
%"GND_SIGNAL"
"1","(-2475,3250)","0","standard","I66";
;
BODY_TYPE"PLUMBING"
HDL_POWER"GND_SIGNAL"
CDS_LIB"standard";
"GND"5;
%"R_SMT"
"1","(-2475,4875)","1","r_resistor","I67";
;
$LOCATION"R28"
CDS_LOCATION"R28"
$SEC"1"
CDS_SEC"1"
WATTAGE"1/8W"
VALUE"100K"
JEDEC_TYPE"RESC-0805_W"
TYPE"TF-SMT0805"
PART_NAME"R_SMT_0805"
NEEDS_NO_SIZE"True"
CDS_LMAN_SYM_OUTLINE"-75,25,75,-25"
CDS_LIB"r_resistor"
TOL"5%"
PART_NUMBER"10006514";
"2"
$PN"2"38;
"1"
$PN"1"
$WATTAGE"?"4;
%"GND_SIGNAL"
"1","(-2525,4600)","0","standard","I68";
;
CDS_LIB"standard"
HDL_POWER"GND_SIGNAL"
BODY_TYPE"PLUMBING";
"GND"4;
%"R_SMT"
"1","(-2025,5550)","1","r_resistor","I69";
;
$LOCATION"R30"
CDS_LOCATION"R30"
$SEC"1"
CDS_SEC"1"
WATTAGE"1/8W"
VALUE"1.0K"
NEEDS_NO_SIZE"True"
CDS_LMAN_SYM_OUTLINE"-75,25,75,-25"
CDS_LIB"r_resistor"
PART_NAME"R_SMT_0805"
TYPE"TF-SMT0805"
JEDEC_TYPE"RESC-0805_W"
TOL"5%"
PART_NUMBER"10006466";
"2"
$PN"2"39;
"1"
$PN"1"
$WATTAGE"?"38;
%"J_2_ST"
"1","(-1375,5750)","2","j_connector2fjumper","I70";
;
$LOCATION"J3"
CDS_LOCATION"J3"
$SEC"1"
CDS_SEC"1"
VALUE"640452-2"
NEEDS_NO_SIZE"TRUE"
CDS_LMAN_SYM_OUTLINE"-100,100,100,-100"
CDS_LIB"j_connector2fjumper"
PART_NAME"J_2_ST_AMP_640452"
JEDEC_TYPE"CONN-AMP-2PIN-100MIL-ST"
PART_NUMBER"10017071";
"1"
$PN"1"39;
"2"
$PN"2"3;
%"J_2_ST"
"1","(-10425,4775)","0","j_connector2fjumper","I71";
;
$LOCATION"J1"
CDS_LOCATION"J1"
$SEC"1"
CDS_SEC"1"
VALUE"640452-2"
NEEDS_NO_SIZE"TRUE"
CDS_LMAN_SYM_OUTLINE"-100,100,100,-100"
CDS_LIB"j_connector2fjumper"
PART_NAME"J_2_ST_AMP_640452"
JEDEC_TYPE"CONN-AMP-2PIN-100MIL-ST"
PART_NUMBER"10017071";
"1"
$PN"1"40;
"2"
$PN"2"41;
%"GND_SIGNAL"
"1","(-1775,5450)","0","standard","I72";
;
BODY_TYPE"PLUMBING"
HDL_POWER"GND_SIGNAL"
CDS_LIB"standard";
"GND"3;
%"J_3_ST"
"1","(-4775,3050)","2","j_connector2fjumper","I73";
;
$LOCATION"J2"
CDS_LOCATION"J2"
$SEC"1"
CDS_SEC"1"
VALUE"640456-3"
JEDEC_TYPE"CONN-AMP-3PIN-100MIL-ST"
PART_NAME"J_3_ST_AMP_640456"
CDS_LIB"j_connector2fjumper"
CDS_LMAN_SYM_OUTLINE"-100,150,100,-150"
NEEDS_NO_SIZE"TRUE"
$ALT_SYMBOLS"?"
PART_NUMBER"10017170";
"3"
$PN"3"46;
"2"
$PN"2"2;
"1"
$PN"1"37;
%"GND_SIGNAL"
"1","(-5325,2850)","0","standard","I74";
;
HDL_POWER"GND_SIGNAL"
BODY_TYPE"PLUMBING"
CDS_LIB"standard";
"GND"2;
%"J_3_ST"
"1","(-3775,4125)","6","j_connector2fjumper","I75";
;
$LOCATION"J7"
CDS_LOCATION"J7"
$SEC"1"
CDS_SEC"1"
VALUE"641215-3"
PART_NUMBER"10017175"
JEDEC_TYPE"CONN-AMP-3PIN-100MIL-ST"
PART_NAME"J_3_ST_AMP_641215"
CDS_LIB"j_connector2fjumper"
CDS_LMAN_SYM_OUTLINE"-100,150,100,-150"
NEEDS_NO_SIZE"TRUE"
$ALT_SYMBOLS"?";
"3"
$PN"3"29;
"2"
$PN"2"30;
"1"
$PN"1"7;
%"J_3_ST"
"1","(-3850,5925)","3","j_connector2fjumper","I76";
;
$LOCATION"J6"
CDS_LOCATION"J6"
$SEC"1"
CDS_SEC"1"
VALUE"641215-3"
$ALT_SYMBOLS"?"
NEEDS_NO_SIZE"TRUE"
CDS_LMAN_SYM_OUTLINE"-100,150,100,-150"
CDS_LIB"j_connector2fjumper"
PART_NAME"J_3_ST_AMP_641215"
JEDEC_TYPE"CONN-AMP-3PIN-100MIL-ST"
PART_NUMBER"10017175";
"3"
$PN"3"0;
"2"
$PN"2"32;
"1"
$PN"1"21;
%"J_3_ST"
"1","(-4225,4700)","4","j_connector2fjumper","I77";
;
$LOCATION"J5"
CDS_LOCATION"J5"
$SEC"1"
CDS_SEC"1"
VALUE"641215-3"
$ALT_SYMBOLS"?"
NEEDS_NO_SIZE"TRUE"
CDS_LMAN_SYM_OUTLINE"-100,150,100,-150"
CDS_LIB"j_connector2fjumper"
PART_NAME"J_3_ST_AMP_641215"
JEDEC_TYPE"CONN-AMP-3PIN-100MIL-ST"
PART_NUMBER"10017175";
"3"
$PN"3"17;
"2"
$PN"2"16;
"1"
$PN"1"16;
%"J_3_ST"
"1","(-4975,4950)","2","j_connector2fjumper","I78";
;
$LOCATION"J4"
CDS_LOCATION"J4"
$SEC"1"
CDS_SEC"1"
VALUE"641215-3"
PART_NUMBER"10017175"
JEDEC_TYPE"CONN-AMP-3PIN-100MIL-ST"
PART_NAME"J_3_ST_AMP_641215"
CDS_LIB"j_connector2fjumper"
CDS_LMAN_SYM_OUTLINE"-100,150,100,-150"
NEEDS_NO_SIZE"TRUE"
$ALT_SYMBOLS"?";
"3"
$PN"3"33;
"2"
$PN"2"25;
"1"
$PN"1"0;
%"R_SMT"
"1","(-8225,4575)","0","r_resistor","I8";
;
$LOCATION"R6"
CDS_LOCATION"R6"
$SEC"1"
CDS_SEC"1"
WATTAGE"1/8W"
VALUE"8.2K"
NEEDS_NO_SIZE"True"
CDS_LMAN_SYM_OUTLINE"-75,25,75,-25"
CDS_LIB"r_resistor"
PART_NAME"R_SMT_0805"
TYPE"TF-SMT0805"
JEDEC_TYPE"RESC-0805_W"
TOL"5%"
PART_NUMBER"10006488";
"2"
$PN"2"42;
"1"
$PN"1"
$WATTAGE"?"47;
%"R_SMT"
"1","(-7975,4300)","1","r_resistor","I9";
;
$LOCATION"R7"
CDS_LOCATION"R7"
$SEC"1"
CDS_SEC"1"
WATTAGE"1/8W"
VALUE"2.7K"
NEEDS_NO_SIZE"True"
CDS_LMAN_SYM_OUTLINE"-75,25,75,-25"
CDS_LIB"r_resistor"
PART_NAME"R_SMT_0805"
TYPE"TF-SMT0805"
JEDEC_TYPE"RESC-0805_W"
TOL"5%"
PART_NUMBER"10006476";
"2"
$PN"2"42;
"1"
$PN"1"
$WATTAGE"?"11;
END.
